date,open,close,high,low
2024-09-24,27.277,27.607,27.727,26.917
2024-09-25,27.767,27.777,28.487,27.677
2024-09-26,27.887,27.977,27.977,27.557
2024-09-27,28.077,27.837,28.077,26.907
2024-09-30,27.677,28.897,29.347,27.457
2024-10-08,30.857,28.067,31.127,27.727
2024-10-09,27.827,27.397,28.237,27.067
2024-10-10,27.447,28.027,28.677,27.437
2024-10-11,28.047,28.057,28.597,27.847
2024-10-14,28.067,28.197,28.397,27.947
2024-10-15,28.147,27.727,28.237,27.727
2024-10-16,27.647,27.557,28.167,27.457
2024-10-17,27.577,27.147,27.637,27.147
2024-10-18,27.167,27.277,27.517,26.877
2024-10-21,27.207,26.807,27.207,26.697
2024-10-22,26.807,26.927,27.207,26.677
2024-10-23,26.927,26.907,27.177,26.847
2024-10-24,26.907,26.847,26.977,26.597
2024-10-25,26.847,26.387,26.927,26.257
2024-10-28,26.387,26.387,26.387,26.007
2024-10-29,26.387,26.557,26.877,26.197
2024-10-30,26.567,26.557,26.737,26.297
2024-10-31,26.827,26.427,26.857,26.267
2024-11-01,26.357,26.827,26.847,26.237
2024-11-04,26.827,26.747,26.837,26.457
2024-11-05,26.657,26.707,26.787,26.567
2024-11-06,26.677,26.347,26.747,26.307
2024-11-07,26.247,26.677,26.697,26.237
2024-11-08,26.687,26.467,26.807,26.377
2024-11-11,26.307,26.327,26.477,26.207
2024-11-12,26.327,25.817,26.477,25.797
2024-11-13,25.727,26.237,26.337,25.627
2024-11-14,26.197,26.267,26.537,26.077
2024-11-15,26.217,25.947,26.337,25.947
2024-11-18,26.007,26.267,26.387,25.937
2024-11-19,26.247,26.217,26.347,26.017
2024-11-20,26.217,26.467,26.597,26.057
2024-11-21,26.407,26.517,26.547,26.387
2024-11-22,26.517,26.107,26.627,26.107
2024-11-25,26.237,25.977,26.437,25.877
2024-11-26,25.947,25.847,26.037,25.757
2024-11-27,25.827,26.237,26.297,25.827
2024-11-28,26.217,26.277,26.327,26.017
2024-11-29,26.287,26.167,26.547,26.147
2024-12-02,26.237,26.457,26.557,26.147
2024-12-03,26.467,26.797,26.947,26.387
2024-12-04,26.797,27.297,27.377,26.657
2024-12-05,27.247,27.147,27.527,27.047
2024-12-06,27.167,27.027,27.387,26.997
2024-12-09,26.977,27.257,27.357,26.777
2024-12-10,27.247,26.867,27.427,26.807
2024-12-11,26.947,27.017,27.067,26.817
2024-12-12,26.997,27.247,27.327,26.977
2024-12-13,27.287,27.567,27.727,27.187
2024-12-16,27.627,28.127,28.237,27.627
2024-12-17,28.177,28.117,28.397,28.037
2024-12-18,28.227,28.267,28.667,27.977
2024-12-19,28.107,28.107,28.507,28.057
2024-12-20,28.057,28.047,28.277,27.927
2024-12-23,28.037,28.417,28.657,27.957
2024-12-24,28.317,28.657,28.697,28.207
2024-12-25,28.667,28.637,28.777,28.517
2024-12-26,28.637,28.167,28.677,28.137
2024-12-27,28.147,28.457,28.477,28.017
2024-12-30,28.457,28.257,28.677,28.187
2024-12-31,28.247,28.397,28.617,28.207
2025-01-02,28.357,28.047,28.577,27.927
2025-01-03,28.057,27.847,28.277,27.697
2025-01-06,27.947,27.737,27.947,27.357
2025-01-07,27.727,27.547,27.737,27.387
2025-01-08,27.517,27.847,28.007,27.477
2025-01-09,27.787,27.637,27.907,27.487
2025-01-10,27.637,27.717,27.897,27.357
2025-01-13,27.647,27.657,27.757,27.277
2025-01-14,27.647,27.687,27.827,27.567
2025-01-15,27.577,27.647,27.967,27.457
2025-01-16,27.577,27.687,27.827,27.567
2025-01-17,27.717,27.857,27.877,27.607
2025-01-20,27.897,27.817,27.907,27.677
2025-01-21,27.807,28.007,28.157,27.667
2025-01-22,28.007,27.537,28.147,27.447
2025-01-23,27.567,27.347,27.657,27.127
2025-01-24,27.437,27.257,27.707,27.257
2025-01-27,27.327,27.957,28.157,27.277
2025-02-05,27.917,27.407,27.947,27.327
2025-02-06,27.417,27.327,27.487,27.187
2025-02-07,27.257,27.187,27.297,26.957
2025-02-10,27.107,26.967,27.217,26.957
2025-02-11,27.037,26.957,27.037,26.757
2025-02-12,26.907,27.047,27.087,26.827
2025-02-13,26.977,27.227,27.287,26.887
2025-02-14,27.227,27.267,27.557,27.107
2025-02-17,27.117,27.227,27.227,26.677
2025-02-18,27.107,27.417,27.617,27.107
2025-02-19,27.317,27.127,27.467,27.087
2025-02-20,27.057,27.097,27.177,26.917
2025-02-21,27.097,26.857,27.097,26.767
2025-02-24,26.857,26.607,26.977,26.567
2025-02-25,26.637,26.387,26.707,26.257
2025-02-26,26.357,26.687,26.757,26.327
2025-02-27,26.697,26.577,26.777,26.367
2025-02-28,26.537,26.437,26.797,26.407
2025-03-03,26.437,26.147,26.487,26.117
2025-03-04,26.147,26.207,26.257,26.037
2025-03-05,26.197,26.537,26.657,26.067
2025-03-06,26.467,26.277,26.537,26.207
2025-03-07,26.267,26.317,26.427,26.187
2025-03-10,26.327,26.157,26.337,26.087
2025-03-11,26.097,26.247,26.347,26.087
2025-03-12,26.217,26.177,26.247,26.067
2025-03-13,26.157,26.307,26.407,26.147
2025-03-14,26.347,26.507,26.607,26.287
2025-03-17,26.567,26.427,26.747,26.407
2025-03-18,26.427,26.257,26.477,26.227
2025-03-19,26.297,26.687,26.757,26.217
2025-03-20,26.757,26.697,26.817,26.597
2025-03-21,26.727,26.457,26.817,26.427
2025-03-24,26.477,26.757,26.857,26.427
2025-03-25,26.767,26.987,27.057,26.617
2025-03-26,26.987,26.887,27.047,26.667
2025-03-27,26.807,26.827,26.917,26.677
2025-03-28,26.817,26.907,26.957,26.697
2025-03-31,26.977,26.867,27.167,26.807
2025-04-01,26.907,26.957,26.997,26.717
2025-04-02,26.957,26.887,27.017,26.767
2025-04-03,26.767,27.457,27.497,26.767
2025-04-07,27.097,27.387,27.917,26.827
2025-04-08,27.317,28.107,28.237,27.057
2025-04-09,28.107,28.627,28.657,27.817
2025-04-10,28.517,28.227,28.547,27.907
2025-04-11,28.337,28.257,28.337,28.057
2025-04-14,28.067,28.207,28.307,27.877
2025-04-15,28.137,28.327,28.407,28.047
2025-04-16,28.307,28.457,28.467,28.107
2025-04-17,28.357,28.267,28.377,28.057
2025-04-18,28.157,28.637,28.657,28.117
2025-04-21,28.557,28.367,28.757,28.357
2025-04-22,28.377,28.387,28.877,28.287
2025-04-23,28.337,28.257,28.437,28.137
2025-04-24,28.257,28.517,28.607,28.217
2025-04-25,28.537,28.577,28.787,28.357
2025-04-28,28.577,28.777,28.977,28.467
2025-04-29,28.777,28.517,28.827,28.407
2025-04-30,28.607,28.557,28.627,28.377
2025-05-06,28.707,28.237,28.707,28.187
2025-05-07,28.337,28.407,28.437,28.117
2025-05-08,28.337,28.367,28.537,28.277
2025-05-09,28.357,28.607,28.827,28.337
2025-05-12,28.517,28.597,28.747,28.367
2025-05-13,28.477,28.797,28.797,28.417
2025-05-14,28.787,29.137,29.157,28.727
2025-05-15,29.117,29.407,29.417,29.057
2025-05-16,29.357,29.157,29.557,29.017
2025-05-19,29.157,29.527,29.637,29.157
2025-05-20,29.537,29.737,29.997,29.537
2025-05-21,29.797,29.857,30.007,29.757
2025-05-22,29.857,30.087,30.107,29.617
2025-05-23,30.047,29.547,30.117,29.447
2025-05-26,29.457,29.397,29.617,29.177
2025-05-27,29.357,29.317,29.647,29.277
2025-05-28,29.327,29.587,29.607,29.257
2025-05-29,29.537,29.347,29.607,29.167
2025-05-30,29.377,29.257,29.547,29.257
2025-06-03,29.337,29.207,29.407,28.907
2025-06-04,29.197,28.947,29.217,28.907
2025-06-05,28.947,28.857,28.997,28.707
2025-06-06,28.857,29.047,29.077,28.807
2025-06-09,28.987,29.037,29.147,28.907
2025-06-10,29.037,29.087,29.347,29.017
2025-06-11,29.057,29.237,29.337,29.037
2025-06-12,29.217,29.247,29.387,29.077
2025-06-13,29.247,29.677,29.717,29.237
2025-06-16,29.607,29.517,29.677,29.357
2025-06-17,29.507,29.727,29.757,29.117
2025-06-18,29.657,29.767,29.917,29.627
2025-06-19,29.857,29.777,29.897,29.637
2025-06-20,29.777,29.457,29.887,29.437
2025-06-23,29.437,29.707,29.817,29.337
2025-06-24,29.667,29.637,29.867,29.587
2025-06-25,29.537,29.937,30.007,29.457
2025-06-26,29.937,30.167,30.247,29.917
2025-06-27,30.217,29.277,30.217,29.257
2025-06-30,29.287,29.197,29.477,29.157
2025-07-01,29.257,29.427,29.577,29.207
2025-07-02,29.457,29.307,29.537,29.277
2025-07-03,29.317,29.147,29.337,28.907
2025-07-04,29.117,29.217,29.347,29.067
2025-07-07,29.297,29.317,29.337,29.127
2025-07-08,29.327,28.977,29.327,28.967
2025-07-09,29.007,29.037,29.157,28.907
2025-07-10,29.057,28.957,29.137,28.857
2025-07-11,28.977,29.457,29.647,28.927
2025-07-14,29.477,29.667,29.847,29.457
2025-07-15,29.667,29.537,29.737,29.407
2025-07-16,29.657,29.397,29.717,29.387
2025-07-17,29.377,29.217,29.457,29.177
2025-07-18,29.330,29.290,29.390,29.140
2025-07-21,29.490,29.300,29.650,29.210
2025-07-22,29.250,29.150,29.300,29.070
2025-07-23,29.200,28.970,29.240,28.960
2025-07-24,28.980,28.730,28.980,28.590
2025-07-25,28.650,28.540,28.770,28.540
2025-07-28,28.540,28.430,28.630,28.390
2025-07-29,28.400,28.420,28.530,28.390
2025-07-30,28.430,28.490,28.730,28.430
2025-07-31,28.210,27.630,28.210,27.490
2025-08-01,27.580,27.780,27.840,27.470
2025-08-04,27.690,27.930,27.960,27.590
2025-08-05,27.930,27.890,27.970,27.750
2025-08-06,27.880,27.760,27.910,27.660
2025-08-07,27.730,27.850,27.970,27.630
2025-08-08,27.850,27.650,27.870,27.650
2025-08-11,27.650,27.480,27.670,27.300
2025-08-12,27.480,27.550,27.670,27.430
2025-08-13,27.560,27.420,27.640,27.400
2025-08-14,27.410,27.450,27.680,27.390
2025-08-15,27.500,27.420,27.570,27.390
2025-08-18,27.430,27.430,27.510,27.340
2025-08-19,27.440,27.420,27.570,27.400
2025-08-20,27.390,27.480,27.530,27.250
2025-08-21,27.480,27.640,27.740,27.450
2025-08-22,27.670,27.660,27.710,27.490
2025-08-25,27.830,28.140,28.340,27.820
2025-08-26,28.140,28.100,28.190,28.000
2025-08-27,28.040,27.750,28.090,27.720
2025-08-28,27.740,27.660,27.780,27.480
2025-08-29,27.690,27.880,27.950,27.640
2025-09-01,27.890,27.580,27.890,27.500
2025-09-02,27.490,28.000,28.080,27.490
2025-09-03,28.040,27.750,28.190,27.620
2025-09-04,27.730,28.020,28.090,27.500
2025-09-05,27.950,27.860,28.100,27.790
2025-09-08,27.810,27.940,28.010,27.790
2025-09-09,27.950,27.800,27.990,27.750
2025-09-10,27.800,27.800,27.880,27.690
2025-09-11,27.790,27.790,27.900,27.710
2025-09-12,27.790,27.720,27.940,27.690
2025-09-15,27.690,27.590,27.700,27.550
2025-09-16,27.580,27.520,27.590,27.440
2025-09-17,27.510,27.490,27.620,27.460
2025-09-18,27.480,27.100,27.490,27.000
2025-09-19,27.110,26.990,27.140,26.910
2025-09-22,26.890,26.910,27.040,26.810
2025-09-23,26.910,27.110,27.180,26.820
2025-09-24,27.070,27.040,27.320,27.030
2025-09-25,27.000,27.080,27.120,26.870
2025-09-26,27.090,27.260,27.340,27.030
2025-09-29,27.220,27.090,27.290,26.980
2025-09-30,27.140,27.040,27.150,27.000
2025-10-09,27.000,27.470,27.490,26.940
2025-10-10,27.440,27.520,27.580,27.300
2025-10-13,27.490,27.580,27.690,27.190
2025-10-14,27.530,27.780,27.800,27.340
2025-10-15,27.770,27.720,27.940,27.560
2025-10-16,27.640,27.950,27.960,27.630
2025-10-17,27.920,27.900,28.170,27.850
2025-10-20,27.910,27.840,27.940,27.540
2025-10-21,27.790,27.700,27.890,27.640
2025-10-22,27.680,27.830,27.870,27.640
2025-10-23,27.830,28.020,28.060,27.830
2025-10-24,28.000,27.980,28.080,27.870
2025-10-27,27.930,28.090,28.350,27.810
2025-10-28,28.050,28.250,28.330,28.050
2025-10-29,28.250,28.080,28.250,28.050
2025-10-30,28.080,28.260,28.350,27.980
2025-10-31,28.250,27.890,28.250,27.720
2025-11-03,27.900,28.100,28.140,27.900
2025-11-04,28.100,28.390,28.480,28.070
2025-11-05,28.420,28.210,28.480,28.190
2025-11-06,28.180,28.290,28.390,28.150
2025-11-07,28.300,28.310,28.430,28.220
2025-11-10,28.310,28.320,28.380,28.180
2025-11-11,28.320,28.410,28.510,28.260
2025-11-12,28.490,28.400,28.670,28.400
2025-11-13,28.410,28.230,28.520,28.050
2025-11-14,28.230,28.130,28.500,28.130
2025-11-17,28.160,27.950,28.220,27.820
2025-11-18,27.950,27.940,28.130,27.870
2025-11-19,27.940,28.020,28.120,27.900
2025-11-20,27.970,27.930,28.110,27.840
2025-11-21,27.960,27.950,28.060,27.860
2025-11-24,27.970,27.980,27.990,27.710
2025-11-25,27.980,27.820,27.990,27.620
2025-11-26,27.820,27.730,27.910,27.690
2025-11-27,27.720,27.880,27.930,27.570
2025-11-28,27.800,27.770,27.860,27.740
2025-12-01,27.840,27.860,27.940,27.780
2025-12-02,27.820,28.050,28.060,27.810
2025-12-03,28.040,28.060,28.150,28.000
2025-12-04,28.090,28.030,28.110,27.960
2025-12-05,28.030,27.860,28.030,27.810
2025-12-08,27.860,27.660,27.890,27.650
2025-12-09,27.720,27.760,27.830,27.690
2025-12-10,27.720,27.680,27.860,27.640
2025-12-11,27.710,27.650,27.730,27.540
2025-12-12,27.640,27.830,27.840,27.600
2025-12-15,27.780,27.830,27.940,27.750
2025-12-16,27.850,27.760,27.870,27.610
2025-12-17,27.720,27.710,27.790,27.630
2025-12-18,27.710,27.870,27.880,27.680
2025-12-19,27.820,27.640,27.870,27.610
2025-12-22,27.630,27.330,27.650,27.290
2025-12-23,27.290,27.510,27.530,27.270
2025-12-24,27.500,27.430,27.500,27.340
2025-12-25,27.420,27.430,27.470,27.360
2025-12-26,27.400,27.430,27.460,27.310
2025-12-29,27.430,27.310,27.430,27.290
2025-12-30,27.290,27.110,27.290,27.110
2025-12-31,27.140,26.980,27.160,26.960
2026-01-05,26.990,27.070,27.100,26.890
2026-01-06,27.090,27.230,27.230,27.030
2026-01-07,27.230,27.020,27.240,27.010
2026-01-08,27.020,27.050,27.090,26.980
2026-01-09,27.060,27.080,27.080,26.970
2026-01-12,27.080,27.190,27.240,27.010
2026-01-13,27.240,27.150,27.360,27.110
2026-01-14,27.240,26.600,27.330,26.590
2026-01-15,26.770,26.610,26.800,26.560
2026-01-16,26.670,26.310,26.820,26.230
2026-01-19,26.400,26.590,26.710,26.390
2026-01-20,26.590,26.670,26.730,26.520
2026-01-21,26.680,26.370,26.690,26.340
2026-01-22,26.370,26.100,26.510,26.090
2026-01-23,26.150,25.790,26.210,25.750
2026-01-26,25.840,25.770,26.070,25.650
2026-01-27,25.770,25.720,25.930,25.650
2026-01-28,25.720,25.440,25.730,25.400
2026-01-29,25.440,25.820,25.990,25.170
2026-01-30,25.830,26.150,26.360,25.830
2026-02-02,26.280,25.930,26.340,25.880
2026-02-03,25.990,25.790,26.020,25.700
2026-02-04,25.760,26.170,26.180,25.740
2026-02-05,26.210,26.390,26.480,26.140
2026-02-06,26.390,26.310,26.560,26.170
2026-02-09,26.320,26.250,26.360,26.070
2026-02-10,26.250,26.360,26.390,26.160
2026-02-11,26.370,26.270,26.380,26.200
2026-02-12,26.270,26.120,26.300,26.050
2026-02-13,26.130,26.000,26.180,25.950
2026-02-24,26.130,26.050,26.160,25.980
2026-02-25,26.080,25.970,26.200,25.950
2026-02-26,25.980,26.040,26.090,25.930
2026-02-27,26.050,26.040,26.180,26.020
2026-03-02,26.120,26.570,26.650,26.120
2026-03-03,26.570,26.970,27.100,26.530
2026-03-04,26.800,27.090,27.190,26.520
2026-03-05,26.980,27.080,27.240,26.840
2026-03-06,27.060,27.140,27.150,26.980
