交易日期,开盘,收盘,最高,最低,成交量
2024-09-24,63.631,64.071,64.281,62.231,500902.000
2024-09-25,64.241,66.141,67.531,64.241,627661.000
2024-09-26,66.031,69.591,69.711,65.821,501342.000
2024-09-27,70.781,69.031,72.431,67.181,857448.000
2024-09-30,69.191,72.091,72.931,68.061,1251665.000
2024-10-08,79.701,76.221,79.701,74.761,1352393.000
2024-10-09,74.431,71.041,75.351,70.051,895501.000
2024-10-10,71.981,74.331,75.411,71.901,673034.000
2024-10-11,74.031,72.801,74.261,71.931,380602.000
2024-10-14,73.061,75.031,75.321,72.631,462828.000
2024-10-15,75.031,72.031,75.031,72.031,375833.000
2024-10-16,70.731,71.271,71.531,69.761,342829.000
2024-10-17,71.271,69.111,71.561,68.931,394376.000
2024-10-18,69.111,71.041,72.231,68.681,427851.000
2024-10-21,71.381,70.111,72.011,69.311,343229.000
2024-10-22,70.381,72.531,72.991,70.171,404060.000
2024-10-23,72.631,72.411,73.811,72.031,268313.000
2024-10-24,72.141,71.671,72.491,71.331,171087.000
2024-10-25,71.451,71.301,71.891,70.801,210573.000
2024-10-28,71.521,70.901,71.611,70.041,280591.000
2024-10-29,70.641,70.101,71.531,69.831,297272.000
2024-10-30,69.731,68.781,70.381,68.151,404137.000
2024-10-31,69.001,67.451,69.721,67.131,500469.000
2024-11-01,67.471,68.281,69.031,66.411,416515.000
2024-11-04,68.171,68.871,69.401,67.731,232316.000
2024-11-05,68.531,69.161,69.511,67.241,416967.000
2024-11-06,69.171,67.201,69.171,67.001,525931.000
2024-11-07,66.381,68.131,68.131,65.921,547746.000
2024-11-08,68.691,68.611,69.791,67.131,593374.000
2024-11-11,67.261,67.631,67.871,66.851,442079.000
2024-11-12,67.941,68.421,70.921,67.821,575477.000
2024-11-13,68.511,69.431,70.331,68.491,458417.000
2024-11-14,69.511,69.671,70.921,68.361,408435.000
2024-11-15,69.181,68.281,70.141,67.881,342825.000
2024-11-18,68.201,67.081,69.011,66.861,319386.000
2024-11-19,67.081,67.341,67.781,66.731,226652.000
2024-11-20,67.411,67.461,67.681,66.771,226371.000
2024-11-21,67.401,66.871,67.421,66.581,216528.000
2024-11-22,66.861,66.421,68.851,66.251,388458.000
2024-11-25,66.141,66.421,68.411,66.141,385868.000
2024-11-26,66.141,66.631,67.231,65.381,274188.000
2024-11-27,66.351,67.351,67.531,65.771,264825.000
2024-11-28,68.031,66.221,68.031,65.791,323290.000
2024-11-29,65.711,66.161,66.801,65.581,277501.000
2024-12-02,66.181,66.111,66.561,65.261,357906.000
2024-12-03,66.031,65.881,66.031,65.431,313174.000
2024-12-04,65.911,67.521,68.021,65.631,531955.000
2024-12-05,67.631,67.751,68.911,67.451,367645.000
2024-12-06,67.811,68.881,69.161,67.541,456778.000
2024-12-09,68.041,69.161,69.911,67.341,413219.000
2024-12-10,72.541,69.871,72.691,69.821,555133.000
2024-12-11,69.731,71.131,71.361,69.631,335434.000
2024-12-12,71.231,71.591,71.781,70.401,286398.000
2024-12-13,71.231,70.031,71.261,69.361,370633.000
2024-12-16,70.131,69.251,70.481,68.681,280471.000
2024-12-17,69.231,69.701,70.711,68.841,278873.000
2024-12-18,69.691,70.131,70.611,69.611,225785.000
2024-12-19,69.891,70.471,71.261,69.271,253553.000
2024-12-20,70.461,70.031,70.821,69.691,209397.000
2024-12-23,70.031,70.641,71.281,69.981,226029.000
2024-12-24,70.431,72.281,72.411,70.431,344141.000
2024-12-25,72.331,71.571,72.631,71.071,227339.000
2024-12-26,71.291,72.011,72.271,70.681,242143.000
2024-12-27,72.011,71.451,72.081,70.831,198421.000
2024-12-30,71.031,71.351,72.211,70.951,221827.000
2024-12-31,71.131,71.251,72.081,70.721,307660.000
2025-01-02,71.431,71.351,73.231,71.031,413671.000
2025-01-03,71.031,70.721,72.091,69.931,296422.000
2025-01-06,70.711,71.411,72.311,70.311,306810.000
2025-01-07,71.031,71.961,72.791,70.531,251785.000
2025-01-08,71.541,73.611,73.691,71.461,406930.000
2025-01-09,73.731,74.761,75.031,73.231,345987.000
2025-01-10,74.761,72.401,74.921,72.401,271096.000
2025-01-13,71.641,70.331,72.051,69.961,255846.000
2025-01-14,70.331,70.651,71.381,69.461,288584.000
2025-01-15,70.671,69.851,71.801,69.631,256635.000
2025-01-16,70.021,70.121,71.481,69.931,262330.000
2025-01-17,70.111,70.381,70.901,69.661,159288.000
2025-01-20,71.131,70.921,72.771,70.911,296993.000
2025-01-21,71.291,70.431,71.321,70.251,162863.000
2025-01-22,70.411,69.031,70.411,68.311,322180.000
2025-01-23,69.431,69.441,69.951,68.431,270087.000
2025-01-24,69.041,68.851,69.671,68.581,304861.000
2025-01-27,68.891,69.911,70.331,68.651,280115.000
2025-02-05,69.431,68.241,69.721,67.711,363511.000
2025-02-06,68.211,68.301,68.591,67.461,285675.000
2025-02-07,68.431,69.471,69.471,67.701,355350.000
2025-02-10,69.351,69.041,69.361,68.531,318650.000
2025-02-11,69.471,69.731,69.891,68.641,300440.000
2025-02-12,69.491,69.311,69.621,68.711,228073.000
2025-02-13,69.031,68.171,69.421,68.161,410664.000
2025-02-14,68.151,68.521,68.721,67.931,234351.000
2025-02-17,68.281,68.071,68.501,67.281,402358.000
2025-02-18,68.021,67.931,68.681,67.561,293465.000
2025-02-19,67.331,67.481,68.001,67.031,337150.000
2025-02-20,67.441,67.261,67.741,67.091,314202.000
2025-02-21,67.051,66.621,67.261,66.231,553390.000
2025-02-24,66.681,66.921,67.531,66.311,469377.000
2025-02-25,66.531,65.061,66.701,65.011,565999.000
2025-02-26,64.741,66.151,66.191,64.731,404124.000
2025-02-27,67.031,68.511,68.741,66.661,652482.000
2025-02-28,68.781,69.081,69.531,68.131,506479.000
2025-03-03,68.731,67.031,69.021,66.881,405918.000
2025-03-04,67.311,68.001,68.501,67.311,300420.000
2025-03-05,67.931,67.781,68.181,67.231,286186.000
2025-03-06,67.941,67.171,68.001,66.451,402399.000
2025-03-07,67.151,66.821,67.271,66.291,314827.000
2025-03-10,66.841,67.101,67.291,66.541,273440.000
2025-03-11,66.531,66.961,67.471,66.331,252825.000
2025-03-12,67.011,66.131,67.011,66.131,301301.000
2025-03-13,66.041,66.041,66.681,65.841,252622.000
2025-03-14,66.061,67.901,68.131,65.851,425450.000
2025-03-17,68.551,67.911,68.551,67.631,347333.000
2025-03-18,68.031,71.011,72.131,67.641,779314.000
2025-03-19,73.261,72.541,73.971,71.061,1066261.000
2025-03-20,72.431,71.201,72.881,71.131,585693.000
2025-03-21,70.801,71.311,72.461,70.801,384528.000
2025-03-24,70.911,72.091,72.531,70.851,387348.000
2025-03-25,72.841,72.891,73.531,72.401,324186.000
2025-03-26,72.501,72.821,73.431,71.901,237069.000
2025-03-27,72.821,72.531,73.531,72.351,257215.000
2025-03-28,72.241,72.901,73.211,71.711,249114.000
2025-03-31,72.931,74.531,76.531,72.931,689684.000
2025-04-01,74.131,71.421,74.811,71.231,551817.000
2025-04-02,71.381,71.991,72.821,71.221,268536.000
2025-04-03,70.631,69.391,70.861,69.181,565989.000
2025-04-07,64.251,63.211,65.501,62.051,880897.000
2025-04-08,64.031,66.261,66.531,63.821,744733.000
2025-04-09,65.221,65.701,66.531,64.451,578840.000
2025-04-10,66.631,67.121,67.621,66.161,450849.000
2025-04-11,66.551,66.521,66.771,65.661,295626.000
2025-04-14,66.751,65.951,66.931,65.741,348835.000
2025-04-15,66.131,67.511,67.861,65.721,343667.000
2025-04-16,67.221,67.031,67.511,66.401,266729.000
2025-04-17,66.771,66.981,67.201,66.371,195913.000
2025-04-18,66.981,66.951,67.361,66.501,154484.000
2025-04-21,66.811,67.421,67.641,66.531,177514.000
2025-04-22,67.331,67.751,68.261,67.241,226155.000
2025-04-23,68.131,67.881,68.451,67.831,225869.000
2025-04-24,68.431,68.981,69.221,67.991,231808.000
2025-04-25,68.981,68.781,69.031,68.411,170972.000
2025-04-28,69.421,69.261,69.611,68.831,239660.000
2025-04-29,69.291,70.231,70.401,68.891,234974.000
2025-04-30,71.031,69.651,71.151,69.481,478100.000
2025-05-06,70.261,70.081,70.411,69.131,346412.000
2025-05-07,70.801,70.391,71.211,70.031,300281.000
2025-05-08,70.381,71.031,71.671,69.911,277076.000
2025-05-09,71.021,71.831,72.061,70.741,245639.000
2025-05-12,72.131,72.611,72.771,71.931,272239.000
2025-05-13,73.031,73.141,73.231,72.471,255278.000
2025-05-14,72.931,73.121,73.581,72.161,292496.000
2025-05-15,72.691,72.531,73.101,72.351,204902.000
2025-05-16,72.241,72.631,72.871,71.601,238660.000
2025-05-19,72.471,73.611,73.751,72.321,263086.000
2025-05-20,73.561,74.701,75.131,73.511,277995.000
2025-05-21,74.531,74.831,75.471,74.501,205438.000
2025-05-22,74.761,75.391,75.591,74.341,234034.000
2025-05-23,75.391,74.921,76.511,74.751,299746.000
2025-05-26,74.751,74.301,75.221,73.641,241689.000
2025-05-27,74.231,74.511,74.921,74.051,206449.000
2025-05-28,75.011,75.351,76.131,74.731,240449.000
2025-05-29,75.101,75.011,75.521,74.391,251677.000
2025-05-30,74.771,75.091,75.541,74.331,215733.000
2025-06-03,75.081,71.941,75.081,71.701,561908.000
2025-06-04,71.811,71.591,72.611,71.531,367554.000
2025-06-05,71.471,71.281,71.931,71.081,235803.000
2025-06-06,71.401,71.731,71.861,71.131,275559.000
2025-06-09,71.281,71.431,71.611,70.101,466956.000
2025-06-10,71.661,71.081,72.531,71.081,321074.000
2025-06-11,71.231,71.521,71.831,70.861,263083.000
2025-06-12,72.020,71.710,72.190,71.040,347029.000,"{'nd': '2024', 'fh_sh': '35', 'djr': '2025-06-11', 'cqr': '2025-06-12', 'FHcontent': '10派35元'}"
2025-06-13,71.110,70.990,71.670,70.510,300452.000
2025-06-16,71.110,70.770,71.310,70.360,250205.000
2025-06-17,71.310,71.570,72.590,71.310,326395.000
2025-06-18,71.700,71.610,72.150,71.530,175288.000
2025-06-19,71.710,70.840,71.920,70.640,211253.000
2025-06-20,70.860,71.890,71.890,70.770,229864.000
2025-06-23,71.510,71.230,71.840,70.970,210545.000
2025-06-24,71.610,72.310,72.850,71.510,270501.000
2025-06-25,72.310,72.690,72.840,71.810,243275.000
2025-06-26,72.510,72.610,73.100,72.260,226726.000
2025-06-27,72.570,71.790,72.700,71.730,223640.000
2025-06-30,71.760,71.710,72.090,71.490,193023.000
2025-07-01,71.790,71.620,71.860,71.310,186252.000
2025-07-02,71.620,72.010,72.610,71.320,266155.000
2025-07-03,72.300,72.400,72.460,71.850,179369.000
2025-07-04,72.390,72.990,73.350,72.110,211462.000
2025-07-07,72.710,72.060,72.960,71.840,215453.000
2025-07-08,72.060,71.730,72.210,71.580,256867.000
2025-07-09,71.580,71.310,71.860,71.310,272053.000
2025-07-10,71.350,71.190,71.480,70.840,231514.000
2025-07-11,71.250,71.990,72.310,71.200,320554.000
2025-07-14,71.980,72.610,72.720,71.490,233739.000
2025-07-15,72.620,72.720,73.010,72.320,249010.000
2025-07-16,72.980,72.400,73.600,72.310,206888.000
2025-07-17,72.260,72.140,72.940,72.110,247300.000
2025-07-18,72.380,72.340,72.790,72.030,219512.000
2025-07-21,72.120,72.060,72.470,71.910,308971.000
2025-07-22,72.090,72.700,72.730,71.770,357204.000
2025-07-23,72.710,73.010,73.360,72.690,369872.000
2025-07-24,73.210,73.020,73.460,72.600,290699.000
2025-07-25,72.910,72.270,72.910,72.060,244562.000
2025-07-28,72.330,71.450,72.430,71.310,377736.000
2025-07-29,71.450,70.750,71.580,70.530,398369.000
2025-07-30,71.000,71.620,72.250,70.710,411325.000
2025-07-31,71.510,69.700,71.530,69.390,694777.000
2025-08-01,69.710,70.300,70.480,69.610,286447.000
2025-08-04,70.060,70.450,70.510,69.710,197766.000
2025-08-05,70.620,70.890,71.020,70.190,191748.000
2025-08-06,70.890,71.210,71.290,70.500,221358.000
2025-08-07,71.020,70.990,71.440,70.720,203616.000
2025-08-08,70.910,71.090,71.340,70.800,201184.000
2025-08-11,70.810,71.270,71.330,70.700,179124.000
2025-08-12,71.260,71.440,71.950,71.110,240476.000
2025-08-13,71.490,71.330,71.800,71.110,253847.000
2025-08-14,71.310,71.840,72.560,71.230,455149.000
2025-08-15,71.840,71.810,71.910,71.320,274700.000
2025-08-18,71.820,71.350,72.070,71.120,542998.000
2025-08-19,72.710,72.190,73.140,71.710,537603.000
2025-08-20,71.720,71.730,71.830,71.020,403770.000
2025-08-21,71.600,71.430,72.010,71.170,338014.000
2025-08-22,71.480,71.600,71.700,71.160,391389.000
2025-08-25,71.630,73.030,73.360,71.630,700234.000
2025-08-26,73.030,73.310,73.790,72.820,462938.000
2025-08-27,73.400,72.220,74.060,72.200,488419.000
2025-08-28,72.220,73.010,73.480,72.020,432987.000
2025-08-29,73.010,73.220,74.350,72.900,567669.000
2025-09-01,74.510,73.540,75.350,73.030,776259.000
2025-09-02,73.720,75.670,75.910,73.500,805909.000
2025-09-03,76.060,75.130,76.650,74.460,504881.000
2025-09-04,75.490,75.100,75.510,73.930,443539.000
2025-09-05,75.320,75.730,76.200,74.950,464252.000
2025-09-08,76.180,76.540,77.590,76.010,550294.000
2025-09-09,76.530,76.690,77.110,75.860,383150.000
2025-09-10,76.510,76.530,76.780,75.910,271542.000
2025-09-11,76.410,76.530,76.780,75.410,459605.000
2025-09-12,76.460,75.080,77.200,74.920,591171.000
2025-09-15,74.710,74.680,75.460,74.010,480680.000
2025-09-16,74.640,73.970,74.710,73.560,456028.000
2025-09-17,73.920,73.860,74.940,73.680,577227.000
2025-09-18,74.110,73.250,74.860,72.700,600840.000
2025-09-19,72.920,73.860,74.100,72.720,388478.000
2025-09-22,74.320,72.770,74.410,72.410,479740.000
2025-09-23,72.760,73.040,73.160,72.230,421477.000
2025-09-24,73.020,73.610,73.860,72.460,306285.000
2025-09-25,72.810,72.350,73.260,72.060,478607.000
2025-09-26,72.550,73.710,74.210,72.400,476983.000
2025-09-29,73.940,73.240,74.060,72.560,465939.000
2025-09-30,73.210,72.170,73.220,72.060,506108.000
2025-10-09,71.860,72.140,72.480,70.890,615939.000
2025-10-10,71.960,72.340,73.240,71.610,433305.000
2025-10-13,70.890,71.320,71.620,70.530,481605.000
2025-10-14,71.510,72.110,72.660,71.200,519095.000
2025-10-15,72.310,72.430,73.000,72.110,376333.000
2025-10-16,72.710,72.690,73.200,72.030,346780.000
2025-10-17,72.210,72.310,73.100,72.150,276491.000
2025-10-20,72.600,72.380,72.910,71.900,297557.000
2025-10-21,72.410,72.420,72.770,72.090,283947.000
2025-10-22,72.310,73.390,73.500,72.120,393298.000
2025-10-23,73.310,74.400,74.460,73.190,347633.000
2025-10-24,74.400,74.120,74.510,73.970,244838.000
2025-10-27,74.250,74.390,74.860,73.880,340553.000
2025-10-28,74.120,73.920,74.430,73.640,233658.000
2025-10-29,73.760,73.910,73.930,73.010,273587.000
2025-10-30,74.010,74.810,75.610,74.010,499653.000
2025-10-31,74.710,75.910,76.340,74.610,509742.000
2025-11-03,75.900,74.900,76.460,74.690,281970.000
2025-11-04,74.630,74.670,75.300,74.410,302606.000
2025-11-05,74.510,75.450,75.900,73.810,266151.000
2025-11-06,75.450,76.540,76.940,75.450,355111.000
2025-11-07,76.780,75.710,76.780,75.620,264420.000
2025-11-10,75.770,76.840,77.060,75.460,391008.000
2025-11-11,76.840,76.740,76.900,76.190,227708.000
2025-11-12,76.740,79.000,80.060,76.740,737847.000
2025-11-13,78.710,79.110,79.510,78.200,333370.000
2025-11-14,79.010,78.740,79.930,78.560,273127.000
2025-11-17,78.740,77.930,78.900,77.420,261095.000
2025-11-18,78.290,77.400,78.660,77.000,235904.000,"{'nd': '2025', 'fh_sh': '5', 'djr': '2025-11-17', 'cqr': '2025-11-18', 'FHcontent': '10派5元'}"
2025-11-19,77.380,77.400,78.090,77.020,214415.000
2025-11-20,77.500,77.940,78.880,77.030,261929.000
2025-11-21,77.100,78.750,79.290,77.100,439495.000
2025-11-24,78.600,78.560,79.480,78.250,367739.000
2025-11-25,78.990,78.700,79.000,77.610,291012.000
2025-11-26,78.690,79.800,80.000,78.410,320728.000
2025-11-27,79.600,79.800,80.730,78.950,316461.000
2025-11-28,79.800,79.860,80.070,79.330,181267.000
2025-12-01,79.800,80.000,80.200,79.170,303520.000
2025-12-02,80.100,81.560,81.660,80.010,378049.000
2025-12-03,81.550,82.170,82.880,81.260,368660.000
2025-12-04,82.130,81.890,83.170,81.770,289180.000
2025-12-05,81.890,82.230,82.590,81.700,246165.000
2025-12-08,83.000,81.810,83.100,81.040,273365.000
2025-12-09,81.500,80.200,81.560,79.940,356479.000
2025-12-10,79.980,80.070,80.620,79.700,245720.000
2025-12-11,80.120,79.300,80.560,79.180,272945.000
2025-12-12,79.350,79.320,79.980,79.200,328959.000
2025-12-15,79.690,80.410,81.100,79.450,365547.000
2025-12-16,80.250,79.960,80.850,79.840,214231.000
2025-12-17,79.710,80.470,80.920,79.380,230282.000
2025-12-18,80.270,79.830,80.610,79.510,214098.000
2025-12-19,79.850,79.450,79.900,78.800,278018.000
2025-12-22,79.300,79.160,79.790,78.900,245037.000
2025-12-23,79.380,79.650,80.310,79.020,254680.000
2025-12-24,79.430,78.800,79.940,78.760,217047.000
2025-12-25,78.520,78.590,78.880,78.180,226758.000
2025-12-26,78.590,78.870,79.070,78.550,214107.000
2025-12-29,78.790,78.410,79.720,78.250,256974.000
2025-12-30,78.160,78.850,79.380,78.120,213622.000
2025-12-31,78.870,78.150,80.280,77.850,287758.000
2026-01-05,80.040,78.680,80.500,78.250,442947.000
2026-01-06,78.580,78.840,79.490,77.390,454525.000
2026-01-07,78.990,79.370,79.580,78.060,401968.000
2026-01-08,79.370,79.030,79.480,78.310,312537.000
2026-01-09,79.600,79.770,79.950,79.300,341081.000
2026-01-12,79.780,78.620,79.790,77.810,525014.000
2026-01-13,77.900,76.200,78.000,76.100,945712.000
2026-01-14,76.200,77.150,77.630,75.910,539684.000
2026-01-15,77.460,77.220,78.050,76.890,360314.000
2026-01-16,77.250,77.310,77.850,77.150,371869.000
2026-01-19,77.370,77.620,78.140,77.050,336374.000
2026-01-20,77.660,79.000,79.370,77.200,455358.000
2026-01-21,78.960,77.780,78.960,77.550,368086.000
2026-01-22,78.250,77.490,78.260,77.370,344041.000
2026-01-23,77.570,76.780,77.790,76.710,373707.000
2026-01-26,76.800,76.350,77.870,76.020,473132.000
2026-01-27,76.400,76.100,77.100,75.920,325807.000
2026-01-28,76.090,75.340,76.360,75.000,628937.000
2026-01-29,75.700,77.880,78.080,75.470,622441.000
2026-01-30,77.600,77.590,79.000,77.400,532508.000
2026-02-02,77.600,77.850,78.480,77.000,345916.000
2026-02-03,77.800,77.910,78.890,77.430,345037.000
2026-02-04,78.100,79.810,79.880,78.010,389103.000
2026-02-05,79.830,80.450,81.160,79.630,429198.000
2026-02-06,80.430,79.540,80.800,79.400,312566.000
2026-02-09,79.180,79.160,79.340,78.410,334670.000
2026-02-10,79.210,80.190,80.280,78.880,306184.000
2026-02-11,80.000,79.690,80.210,79.600,198066.000
2026-02-12,79.460,79.800,80.060,79.300,188784.000
2026-02-13,79.510,79.050,80.000,78.910,255102.000
2026-02-24,80.200,79.520,80.600,79.520,252514.000
2026-02-25,80.280,79.700,80.770,79.290,285524.000
2026-02-26,80.150,79.250,80.200,78.750,253271.000
2026-02-27,79.030,78.640,79.500,78.500,201604.000
2026-03-02,78.000,77.450,78.060,76.700,274786.000
2026-03-03,77.460,76.560,77.640,76.500,288000.000
2026-03-04,76.000,76.160,76.520,75.370,284934.000
2026-03-05,76.600,76.270,76.990,76.120,196872.000
2026-03-06,76.220,76.520,76.720,75.760,206629.000
